,datetime,code,price,amount,cash,order_id,realorder_id,trade_id,account_cookie,commission,tax,message,frozen,direction,total_frozen
0,2019-01-04 11:30:00,RBL8,3467.0,94,706365.902,6517acb5-2eb8-42af-9900-f880aef7194c,6517acb5-2eb8-42af-9900-f880aef7194c,6517acb5-2eb8-42af-9900-f880aef7194c,T01b2T_RBL8_15min,325.898,0,,293308.2,2,293308.2
1,2019-01-11 11:00:00,RBL8,3499.0,-94,1029425.1959999995,06beef96-d97f-4ccd-b528-e3e332711bc8,06beef96-d97f-4ccd-b528-e3e332711bc8,06beef96-d97f-4ccd-b528-e3e332711bc8,T01b2T_RBL8_15min,328.906,0,,0.0,-3,0.0
2,2019-01-11 14:30:00,RBL8,3535.0,93,733216.9409999995,e8d483ea-84a2-407f-aa34-dc34da5d9853,e8d483ea-84a2-407f-aa34-dc34da5d9853,e8d483ea-84a2-407f-aa34-dc34da5d9853,T01b2T_RBL8_15min,328.755,0,,295879.5,2,295879.5
3,2019-01-23 09:15:00,RBL8,3629.0,-93,1116178.9439999994,d5f2db80-0894-4dd9-a18c-11dae8962ee9,d5f2db80-0894-4dd9-a18c-11dae8962ee9,d5f2db80-0894-4dd9-a18c-11dae8962ee9,T01b2T_RBL8_15min,337.497,0,,0.0,-3,0.0
4,2019-01-24 13:45:00,RBL8,3669.0,89,821965.5029999996,d8ec62cc-fbdd-4cc8-b26e-7661a8b18ffe,d8ec62cc-fbdd-4cc8-b26e-7661a8b18ffe,d8ec62cc-fbdd-4cc8-b26e-7661a8b18ffe,T01b2T_RBL8_15min,326.541,0,,293886.89999999997,2,293886.89999999997
5,2019-01-28 14:45:00,RBL8,3689.0,-89,1133324.0819999995,77bb2776-9e13-46fc-925b-32aaceea3b2d,77bb2776-9e13-46fc-925b-32aaceea3b2d,77bb2776-9e13-46fc-925b-32aaceea3b2d,T01b2T_RBL8_15min,328.321,0,,0.0,-3,0.0
6,2019-02-01 11:15:00,RBL8,3739.0002441406,88,836866.2306425797,3e87111b-8537-41a4-afe1-656fe523f291,3e87111b-8537-41a4-afe1-656fe523f291,3e87111b-8537-41a4-afe1-656fe523f291,T01b2T_RBL8_15min,329.03202148437276,0,,296128.81933593546,2,296128.81933593546
7,2019-02-12 21:15:00,RBL8,3771.0002441406,-88,1160823.201957031,6c665759-c35a-4ecd-be6c-c5a58e9a76f6,6c665759-c35a-4ecd-be6c-c5a58e9a76f6,6c665759-c35a-4ecd-be6c-c5a58e9a76f6,T01b2T_RBL8_15min,331.8480214843728,0,,0.0,-3,0.0
8,2019-02-13 09:45:00,RBL8,3733.0002441406,-88,864841.0785996111,9f8d36a0-e1e9-414e-bc19-182436acd8ee,9f8d36a0-e1e9-414e-bc19-182436acd8ee,9f8d36a0-e1e9-414e-bc19-182436acd8ee,T01b2T_RBL8_15min,328.5040214843728,0,,295653.61933593545,-2,295653.61933593545
9,2019-02-18 21:15:00,RBL8,3674.0002441406,88,1212091.385914062,dd84ca45-2e29-4252-b8ad-ec8de176fb6f,dd84ca45-2e29-4252-b8ad-ec8de176fb6f,dd84ca45-2e29-4252-b8ad-ec8de176fb6f,T01b2T_RBL8_15min,323.3120214843728,0,,0.0,3,0.0
10,2019-02-20 09:15:00,RBL8,3630.0002441406,-91,914464.03589673,af79b8cf-5992-4d5f-ba2a-f33bc4deebf7,af79b8cf-5992-4d5f-ba2a-f33bc4deebf7,af79b8cf-5992-4d5f-ba2a-f33bc4deebf7,T01b2T_RBL8_15min,330.3300222167946,0,,297297.0199951151,-2,297297.0199951151
11,2019-02-20 22:15:00,RBL8,3678.0,91,1167746.5800597908,472655d7-1213-41a9-81b6-830c7b9fb47a,472655d7-1213-41a9-81b6-830c7b9fb47a,472655d7-1213-41a9-81b6-830c7b9fb47a,T01b2T_RBL8_15min,334.69800000000004,0,,0.0,3,0.0
12,2019-02-21 11:00:00,RBL8,3691.0002441406,89,871768.9614824002,0617ff14-b8dd-4b2b-bf30-b1f199c9f5a6,0617ff14-b8dd-4b2b-bf30-b1f199c9f5a6,0617ff14-b8dd-4b2b-bf30-b1f199c9f5a6,T01b2T_RBL8_15min,328.4990217285134,0,,295649.11955566204,2,295649.11955566204
13,2019-02-25 14:30:00,RBL8,3693.0002441406,-89,1168869.4040163339,9281db50-7dbc-4de7-b6ec-744330518622,9281db50-7dbc-4de7-b6ec-744330518622,9281db50-7dbc-4de7-b6ec-744330518622,T01b2T_RBL8_15min,328.6770217285134,0,,0.0,-3,0.0
14,2019-02-25 15:00:00,RBL8,3691.0002441406,-89,872891.7854389433,4f51acb9-1671-4cfa-910d-64ce485cd91a,4f51acb9-1671-4cfa-910d-64ce485cd91a,4f51acb9-1671-4cfa-910d-64ce485cd91a,T01b2T_RBL8_15min,328.4990217285134,0,,295649.11955566204,-2,295649.11955566204
15,2019-02-26 13:45:00,RBL8,3740.0,89,1124598.262279739,6e65150d-4480-416b-a51d-0df226196d50,6e65150d-4480-416b-a51d-0df226196d50,6e65150d-4480-416b-a51d-0df226196d50,T01b2T_RBL8_15min,332.86,0,,0.0,3,0.0
16,2019-03-01 11:30:00,RBL8,3778.0002441406,87,828452.1571422897,776e1578-965c-450b-b884-8b4e4bdc6b49,776e1578-965c-450b-b884-8b4e4bdc6b49,776e1578-965c-450b-b884-8b4e4bdc6b49,T01b2T_RBL8_15min,328.68602124023226,0,,295817.41911620897,2,295817.41911620897
17,2019-03-05 09:15:00,RBL8,3766.0002441406,-87,1113501.9342372587,fd178cd3-4cd5-4782-ac8b-71eb9651df6a,fd178cd3-4cd5-4782-ac8b-71eb9651df6a,fd178cd3-4cd5-4782-ac8b-71eb9651df6a,T01b2T_RBL8_15min,327.6420212402322,0,,0.0,-3,0.0
18,2019-03-05 11:30:00,RBL8,3763.0002441406,-87,818531.6340998095,2a325611-9f61-4320-8c9d-379f23aa0aea,2a325611-9f61-4320-8c9d-379f23aa0aea,2a325611-9f61-4320-8c9d-379f23aa0aea,T01b2T_RBL8_15min,327.38102124023226,0,,294642.91911620897,-2,294642.91911620897
19,2019-03-07 14:45:00,RBL8,3813.0,87,1069343.034618341,22784fbb-93b8-48b7-9125-f12b7277fcc5,22784fbb-93b8-48b7-9125-f12b7277fcc5,22784fbb-93b8-48b7-9125-f12b7277fcc5,T01b2T_RBL8_15min,331.731,0,,0.0,3,0.0
20,2019-03-12 11:30:00,RBL8,3801.0002441406,86,774818.7297008623,dc2f2df4-33d1-4da3-80c6-e7a9eb916fd4,dc2f2df4-33d1-4da3-80c6-e7a9eb916fd4,dc2f2df4-33d1-4da3-80c6-e7a9eb916fd4,T01b2T_RBL8_15min,326.88602099609164,0,,294197.41889648244,2,294197.41889648244
21,2019-03-14 21:45:00,RBL8,3777.0002441406,-86,1048051.3265763483,3d8bd099-8601-4e8f-9ca6-54f63f699aa9,3d8bd099-8601-4e8f-9ca6-54f63f699aa9,3d8bd099-8601-4e8f-9ca6-54f63f699aa9,T01b2T_RBL8_15min,324.8220209960916,0,,0.0,-3,0.0
22,2019-03-15 13:45:00,RBL8,3750.0002441406,-87,754100.0574388991,8f8d6113-0a62-481b-9bf3-dd14fbcefbfc,8f8d6113-0a62-481b-9bf3-dd14fbcefbfc,8f8d6113-0a62-481b-9bf3-dd14fbcefbfc,T01b2T_RBL8_15min,326.25002124023223,0,,293625.019116209,-2,293625.019116209
23,2019-03-18 14:45:00,RBL8,3800.0,87,1003894.6889574304,5e55a182-f194-4e8a-8ff4-e874b87a08ab,5e55a182-f194-4e8a-8ff4-e874b87a08ab,5e55a182-f194-4e8a-8ff4-e874b87a08ab,T01b2T_RBL8_15min,330.6,0,,0.0,3,0.0
24,2019-03-22 10:00:00,RBL8,3751.0002441406,-87,709865.0328199812,7d513556-7873-4d5c-87ed-429b571481be,7d513556-7873-4d5c-87ed-429b571481be,7d513556-7873-4d5c-87ed-429b571481be,T01b2T_RBL8_15min,326.3370212402323,0,,293703.319116209,-2,293703.319116209
25,2019-04-02 11:15:00,RBL8,3547.0002441406,87,1180739.7629149503,73eac24c-82ca-4f5d-9ad1-8e3e8092be59,73eac24c-82ca-4f5d-9ad1-8e3e8092be59,73eac24c-82ca-4f5d-9ad1-8e3e8092be59,T01b2T_RBL8_15min,308.5890212402322,0,,0.0,3,0.0
26,2019-04-02 14:15:00,RBL8,3551.0002441406,92,886390.2506776477,ded858b3-6b8f-4e41-bbac-e7c7fa884bb8,ded858b3-6b8f-4e41-bbac-e7c7fa884bb8,ded858b3-6b8f-4e41-bbac-e7c7fa884bb8,T01b2T_RBL8_15min,326.69202246093516,0,,294022.82021484163,2,294022.82021484163
27,2019-04-16 21:15:00,RBL8,3773.0002441406,-92,1384305.954870029,9d46a030-2975-43f2-8b4a-a0b9888f614e,9d46a030-2975-43f2-8b4a-a0b9888f614e,9d46a030-2975-43f2-8b4a-a0b9888f614e,T01b2T_RBL8_15min,347.1160224609352,0,,0.0,-3,0.0
28,2019-04-17 09:15:00,RBL8,3764.0002441406,-87,1089257.2677325795,5bf76791-1dca-47d7-88cf-93c0743b71cb,5bf76791-1dca-47d7-88cf-93c0743b71cb,5bf76791-1dca-47d7-88cf-93c0743b71cb,T01b2T_RBL8_15min,327.46802124023225,0,,294721.219116209,-2,294721.219116209
29,2019-04-19 23:00:00,RBL8,3814.0,87,1340146.881251111,da2e717f-e84b-4a74-9baa-d1d6f263b6a9,da2e717f-e84b-4a74-9baa-d1d6f263b6a9,da2e717f-e84b-4a74-9baa-d1d6f263b6a9,T01b2T_RBL8_15min,331.81800000000004,0,,0.0,3,0.0
30,2019-04-23 15:00:00,RBL8,3762.0002441406,-87,1045254.9681136617,8270532a-c2fe-455a-aa88-4f0e94c887db,8270532a-c2fe-455a-aa88-4f0e94c887db,8270532a-c2fe-455a-aa88-4f0e94c887db,T01b2T_RBL8_15min,327.29402124023227,0,,294564.619116209,-2,294564.619116209
31,2019-04-29 11:30:00,RBL8,3769.0002441406,87,1333401.6842086301,3853451a-97cd-4c2e-af1e-190d7c43e95c,3853451a-97cd-4c2e-af1e-190d7c43e95c,3853451a-97cd-4c2e-af1e-190d7c43e95c,T01b2T_RBL8_15min,327.90302124023225,0,,0.0,3,0.0
32,2019-04-29 15:00:00,RBL8,3777.0002441406,87,1037333.9660711809,e28b9d08-d427-4794-a3c4-cff6370777e9,e28b9d08-d427-4794-a3c4-cff6370777e9,e28b9d08-d427-4794-a3c4-cff6370777e9,T01b2T_RBL8_15min,328.5990212402323,0,,295739.119116209,2,295739.119116209
33,2019-05-06 14:15:00,RBL8,3730.0002441406,-87,1291858.57516615,e868dcf5-3ab7-4bdf-ac10-59ad5fc71643,e868dcf5-3ab7-4bdf-ac10-59ad5fc71643,e868dcf5-3ab7-4bdf-ac10-59ad5fc71643,T01b2T_RBL8_15min,324.5100212402323,0,,0.0,-3,0.0
34,2019-05-08 14:30:00,RBL8,3732.0002441406,-88,995955.7398087301,a0839cef-117b-4c27-8330-b1b53199c59d,a0839cef-117b-4c27-8330-b1b53199c59d,a0839cef-117b-4c27-8330-b1b53199c59d,T01b2T_RBL8_15min,328.4160214843728,0,,295574.4193359355,-2,295574.4193359355
35,2019-05-10 21:15:00,RBL8,3753.0002441406,88,1272719.8951231816,5549038b-dd43-4f78-b5df-bf3ce45a8032,5549038b-dd43-4f78-b5df-bf3ce45a8032,5549038b-dd43-4f78-b5df-bf3ce45a8032,T01b2T_RBL8_15min,330.2640214843728,0,,0.0,3,0.0
36,2019-05-13 15:00:00,RBL8,3695.0002441406,-89,976421.520545791,4c9b3b3f-145e-48ae-a8bd-cebb8cd84bf1,4c9b3b3f-145e-48ae-a8bd-cebb8cd84bf1,4c9b3b3f-145e-48ae-a8bd-cebb8cd84bf1,T01b2T_RBL8_15min,328.8550217285134,0,,295969.51955566206,-2,295969.51955566206
37,2019-05-15 14:45:00,RBL8,3694.0002441406,89,1272952.2740797251,7f58ad50-19df-4db4-9f51-2047e5e5f175,7f58ad50-19df-4db4-9f51-2047e5e5f175,7f58ad50-19df-4db4-9f51-2047e5e5f175,T01b2T_RBL8_15min,328.7660217285134,0,,0.0,3,0.0
38,2019-05-16 09:30:00,RBL8,3726.0002441406,88,977525.1667223052,ca4645dd-2884-476c-8db7-b3c93e37c046,ca4645dd-2884-476c-8db7-b3c93e37c046,ca4645dd-2884-476c-8db7-b3c93e37c046,T01b2T_RBL8_15min,327.88802148437276,0,,295099.2193359355,2,295099.2193359355
39,2019-05-23 22:30:00,RBL8,3846.0002441406,-88,1377885.9380367564,b599d483-3427-4164-8283-ab35e8403cc6,b599d483-3427-4164-8283-ab35e8403cc6,b599d483-3427-4164-8283-ab35e8403cc6,T01b2T_RBL8_15min,338.44802148437276,0,,0.0,-3,0.0
40,2019-05-28 11:15:00,RBL8,3829.0002441406,-86,1081192.0251192776,f05e1843-2d05-42aa-9a8b-85511c765305,f05e1843-2d05-42aa-9a8b-85511c765305,f05e1843-2d05-42aa-9a8b-85511c765305,T01b2T_RBL8_15min,329.2940209960916,0,,296364.61889648245,-2,296364.61889648245
41,2019-06-05 09:15:00,RBL8,3756.0002441406,86,1440013.6279947644,7372a6a3-7d06-411c-ae60-d51f2c46606e,7372a6a3-7d06-411c-ae60-d51f2c46606e,7372a6a3-7d06-411c-ae60-d51f2c46606e,T01b2T_RBL8_15min,323.01602099609164,0,,0.0,3,0.0
42,2019-06-06 09:15:00,RBL8,3709.0002441406,-88,1145934.4166373445,53153762-0bc2-4b09-8283-3f98f1977daa,53153762-0bc2-4b09-8283-3f98f1977daa,53153762-0bc2-4b09-8283-3f98f1977daa,T01b2T_RBL8_15min,326.3920214843728,0,,293752.81933593546,-2,293752.81933593546
43,2019-06-10 22:30:00,RBL8,3733.0002441406,88,1418238.7319517958,3999c0a0-0f0c-4f85-b834-beab19d6bf7d,3999c0a0-0f0c-4f85-b834-beab19d6bf7d,3999c0a0-0f0c-4f85-b834-beab19d6bf7d,T01b2T_RBL8_15min,328.5040214843728,0,,0.0,3,0.0
44,2019-06-11 10:00:00,RBL8,3775.0002441406,87,1122327.7878143464,58f42c1a-aafc-43f0-bfd0-31e4527e3101,58f42c1a-aafc-43f0-bfd0-31e4527e3101,58f42c1a-aafc-43f0-bfd0-31e4527e3101,T01b2T_RBL8_15min,328.42502124023224,0,,295582.519116209,2,295582.519116209
45,2019-06-13 13:45:00,RBL8,3763.0002441406,-87,1407142.9259093148,40f26b8a-6967-4c6c-9258-9141e7fb5923,40f26b8a-6967-4c6c-9258-9141e7fb5923,40f26b8a-6967-4c6c-9258-9141e7fb5923,T01b2T_RBL8_15min,327.38102124023226,0,,0.0,-3,0.0
46,2019-06-14 14:45:00,RBL8,3766.0002441406,-87,1111937.4647718656,1003586f-8b67-4a8d-a3e7-70dd9eea01b8,1003586f-8b67-4a8d-a3e7-70dd9eea01b8,1003586f-8b67-4a8d-a3e7-70dd9eea01b8,T01b2T_RBL8_15min,327.6420212402322,0,,294877.819116209,-2,294877.819116209
47,2019-06-18 22:00:00,RBL8,3746.0002441406,87,1423889.3818668344,015f4476-a5b8-40bd-ae24-f714dce563fe,015f4476-a5b8-40bd-ae24-f714dce563fe,015f4476-a5b8-40bd-ae24-f714dce563fe,T01b2T_RBL8_15min,325.9020212402323,0,,0.0,3,0.0
48,2019-06-20 14:30:00,RBL8,3819.0002441406,86,1127970.3289493558,9638955b-681b-4437-aaba-037dc1dfe106,9638955b-681b-4437-aaba-037dc1dfe106,9638955b-681b-4437-aaba-037dc1dfe106,T01b2T_RBL8_15min,328.43402099609165,0,,295590.61889648245,2,295590.61889648245
49,2019-07-03 09:15:00,RBL8,4028.0002441406,-86,1602954.539824842,e9538d8f-0878-463b-85c0-0e5766066a4b,e9538d8f-0878-463b-85c0-0e5766066a4b,e9538d8f-0878-463b-85c0-0e5766066a4b,T01b2T_RBL8_15min,346.40802099609164,0,,0.0,-3,0.0
50,2019-07-05 14:45:00,RBL8,3971.0002441406,-82,1309569.0997872462,8120e30b-fd3e-4c3f-86a2-d123b8453966,8120e30b-fd3e-4c3f-86a2-d123b8453966,8120e30b-fd3e-4c3f-86a2-d123b8453966,T01b2T_RBL8_15min,325.6220200195292,0,,293059.8180175763,-2,293059.8180175763
51,2019-07-05 22:00:00,RBL8,4024.0,82,1558839.1500001145,661fee77-6220-4e6c-90c7-dc10aabcddad,661fee77-6220-4e6c-90c7-dc10aabcddad,661fee77-6220-4e6c-90c7-dc10aabcddad,T01b2T_RBL8_15min,329.968,0,,0.0,3,0.0
52,2019-07-09 09:15:00,RBL8,4066.0002441406,80,1265761.85240246,cae652d5-c960-4770-9df5-f53549c35cac,cae652d5-c960-4770-9df5-f53549c35cac,cae652d5-c960-4770-9df5-f53549c35cac,T01b2T_RBL8_15min,325.28001953124806,0,,292752.01757812325,2,292752.01757812325
53,2019-07-09 23:00:00,RBL8,4012.0,-80,1514992.7146681028,bfa1377e-f542-4db6-8567-635f2381cf8d,bfa1377e-f542-4db6-8567-635f2381cf8d,bfa1377e-f542-4db6-8567-635f2381cf8d,T01b2T_RBL8_15min,320.96000000000004,0,,0.0,-3,0.0
54,2019-07-10 10:45:00,RBL8,4005.0002441406,-81,1222703.7918504775,b7bdf449-e142-47fa-9587-a6250b38dc10,b7bdf449-e142-47fa-9587-a6250b38dc10,b7bdf449-e142-47fa-9587-a6250b38dc10,T01b2T_RBL8_15min,324.4050197753886,0,,291964.5177978497,-2,291964.5177978497
55,2019-07-16 09:15:00,RBL8,4058.0,81,1471409.8094022127,a99bf0fc-299d-4b91-81c9-396809f7f376,a99bf0fc-299d-4b91-81c9-396809f7f376,a99bf0fc-299d-4b91-81c9-396809f7f376,T01b2T_RBL8_15min,328.69800000000004,0,,0.0,3,0.0
56,2019-07-17 15:00:00,RBL8,4058.0002441406,81,1175252.8935845876,bcf65933-0abc-4045-9c97-80d1d6d08f1f,bcf65933-0abc-4045-9c97-80d1d6d08f1f,bcf65933-0abc-4045-9c97-80d1d6d08f1f,T01b2T_RBL8_15min,328.6980197753886,0,,295828.21779784973,2,295828.21779784973
57,2019-07-18 13:45:00,RBL8,4004.0,-81,1427016.5896285512,e3dd4298-4620-41b1-b81b-e4c9ac30add1,e3dd4298-4620-41b1-b81b-e4c9ac30add1,e3dd4298-4620-41b1-b81b-e4c9ac30add1,T01b2T_RBL8_15min,324.324,0,,0.0,-3,0.0
58,2019-07-24 13:45:00,RBL8,3881.0002441406,-84,1133286.967151014,9f24378e-eddf-41ba-846d-2dbe94f16139,9f24378e-eddf-41ba-846d-2dbe94f16139,9f24378e-eddf-41ba-846d-2dbe94f16139,T01b2T_RBL8_15min,326.0040205078104,0,,293403.61845702934,-2,293403.61845702934
59,2019-07-25 11:15:00,RBL8,3929.0002441406,84,1386040.5495875357,1e7ea07c-f4ba-4360-bfd4-33714ba893d4,1e7ea07c-f4ba-4360-bfd4-33714ba893d4,1e7ea07c-f4ba-4360-bfd4-33714ba893d4,T01b2T_RBL8_15min,330.0360205078104,0,,0.0,3,0.0
60,2019-07-29 13:45:00,RBL8,3896.0002441406,-84,1091175.6671099984,01dfea60-fd52-4083-9a61-2e0f2df2a25c,01dfea60-fd52-4083-9a61-2e0f2df2a25c,01dfea60-fd52-4083-9a61-2e0f2df2a25c,T01b2T_RBL8_15min,327.2640205078104,0,,294537.61845702934,-2,294537.61845702934
61,2019-07-31 09:30:00,RBL8,3926.0002441406,84,1360183.50154652,59bd400d-6805-4aab-9c03-b1621760dceb,59bd400d-6805-4aab-9c03-b1621760dceb,59bd400d-6805-4aab-9c03-b1621760dceb,T01b2T_RBL8_15min,329.7840205078104,0,,0.0,3,0.0
62,2019-08-01 13:45:00,RBL8,3859.0002441406,-85,1064641.9678490122,337700e5-6de7-4a74-833c-7110acf7e129,337700e5-6de7-4a74-833c-7110acf7e129,337700e5-6de7-4a74-833c-7110acf7e129,T01b2T_RBL8_15min,328.015020751951,0,,295213.5186767559,-2,295213.5186767559
63,2019-08-08 10:00:00,RBL8,3747.0002441406,85,1454736.9915050163,0a5e5310-58db-4d53-aaa8-d1d0dce7ad14,0a5e5310-58db-4d53-aaa8-d1d0dce7ad14,0a5e5310-58db-4d53-aaa8-d1d0dce7ad14,T01b2T_RBL8_15min,318.495020751951,0,,0.0,3,0.0
64,2019-08-09 09:45:00,RBL8,3636.0002441406,-90,1159893.7317076551,d9b049ad-f75c-4240-9b42-ba19969f8507,d9b049ad-f75c-4240-9b42-ba19969f8507,d9b049ad-f75c-4240-9b42-ba19969f8507,T01b2T_RBL8_15min,327.240021972654,0,,294516.0197753886,-2,294516.0197753886
65,2019-08-12 15:00:00,RBL8,3684.0,90,1410878.4112095835,93d761f8-c88b-4ad4-9d1b-5ccafcfab4ff,93d761f8-c88b-4ad4-9d1b-5ccafcfab4ff,93d761f8-c88b-4ad4-9d1b-5ccafcfab4ff,T01b2T_RBL8_15min,331.56,0,,0.0,3,0.0
66,2019-08-13 09:15:00,RBL8,3686.0002441406,89,1115301.737632193,9a66f794-1b44-49a4-b822-f0c764b5050a,9a66f794-1b44-49a4-b822-f0c764b5050a,9a66f794-1b44-49a4-b822-f0c764b5050a,T01b2T_RBL8_15min,328.0540217285134,0,,295248.61955566204,2,295248.61955566204
67,2019-08-20 15:00:00,RBL8,3695.0002441406,-89,1418231.5021661269,18035bed-ee2e-4e21-8630-b8c25c3b43a2,18035bed-ee2e-4e21-8630-b8c25c3b43a2,18035bed-ee2e-4e21-8630-b8c25c3b43a2,T01b2T_RBL8_15min,328.8550217285134,0,,0.0,-3,0.0
68,2019-08-21 09:45:00,RBL8,3660.0002441406,-90,1121442.0823687657,ea06136c-960b-491d-8268-62621f66a180,ea06136c-960b-491d-8268-62621f66a180,ea06136c-960b-491d-8268-62621f66a180,T01b2T_RBL8_15min,329.400021972654,0,,296460.0197753886,-2,296460.0197753886
69,2019-08-23 14:00:00,RBL8,3457.0002441406,90,1600290.9721221817,b4a46822-6086-426f-ac95-f92828f35f08,b4a46822-6086-426f-ac95-f92828f35f08,b4a46822-6086-426f-ac95-f92828f35f08,T01b2T_RBL8_15min,311.130021972654,0,,0.0,3,0.0
70,2019-08-26 10:15:00,RBL8,3384.0002441406,-97,1304539.5027850259,d7efeb83-0242-443f-b4f4-ef92e59b604b,d7efeb83-0242-443f-b4f4-ef92e59b604b,d7efeb83-0242-443f-b4f4-ef92e59b604b,T01b2T_RBL8_15min,328.24802368163824,0,,295423.22131347435,-2,295423.22131347435
71,2019-08-29 09:15:00,RBL8,3338.0002441406,97,1644258.9380748183,bf70377b-a017-4103-8fe3-828fbdef71b2,bf70377b-a017-4103-8fe3-828fbdef71b2,bf70377b-a017-4103-8fe3-828fbdef71b2,T01b2T_RBL8_15min,323.7860236816382,0,,0.0,3,0.0
72,2019-08-30 15:00:00,RBL8,3343.0002441406,98,1349078.7025176915,6b765d93-38bf-4ae6-91fa-57e1ab4c2f4e,6b765d93-38bf-4ae6-91fa-57e1ab4c2f4e,6b765d93-38bf-4ae6-91fa-57e1ab4c2f4e,T01b2T_RBL8_15min,327.61402392577884,0,,294852.62153320096,2,294852.62153320096
73,2019-09-06 14:30:00,RBL8,3409.0002441406,-98,1708277.2420269663,9c2ae9b2-1dc7-40fb-b9b0-1bcf2fdd4207,9c2ae9b2-1dc7-40fb-b9b0-1bcf2fdd4207,9c2ae9b2-1dc7-40fb-b9b0-1bcf2fdd4207,T01b2T_RBL8_15min,334.08202392577886,0,,0.0,-3,0.0
74,2019-09-09 10:45:00,RBL8,3463.0002441406,95,1411861.7361297517,8336f5f1-6be5-4f6a-8341-d91910bdb33b,8336f5f1-6be5-4f6a-8341-d91910bdb33b,8336f5f1-6be5-4f6a-8341-d91910bdb33b,T01b2T_RBL8_15min,328.985023193357,0,,296086.5208740213,2,296086.5208740213
75,2019-09-17 21:15:00,RBL8,3510.0002441406,-95,1752264.8069805796,1f1fe6c4-caba-4391-9d31-3bc004593c5c,1f1fe6c4-caba-4391-9d31-3bc004593c5c,1f1fe6c4-caba-4391-9d31-3bc004593c5c,T01b2T_RBL8_15min,333.450023193357,0,,0.0,-3,0.0
76,2019-09-18 15:00:00,RBL8,3499.0002441406,-94,1455920.4803033357,bacfc214-29f8-4b3c-aadd-263cc3b5c9c6,bacfc214-29f8-4b3c-aadd-263cc3b5c9c6,bacfc214-29f8-4b3c-aadd-263cc3b5c9c6,T01b2T_RBL8_15min,328.90602294921644,0,,296015.4206542948,-2,296015.4206542948
77,2019-09-23 21:15:00,RBL8,3519.0002441406,94,1732805.1149346812,61e89d08-27c5-49d1-9c92-c03a49edee6d,61e89d08-27c5-49d1-9c92-c03a49edee6d,61e89d08-27c5-49d1-9c92-c03a49edee6d,T01b2T_RBL8_15min,330.78602294921643,0,,0.0,3,0.0
78,2019-09-26 13:45:00,RBL8,3455.0002441406,-95,1437074.3690374666,8fabce5d-4d7d-48cb-85f7-92a55f275e1d,8fabce5d-4d7d-48cb-85f7-92a55f275e1d,8fabce5d-4d7d-48cb-85f7-92a55f275e1d,T01b2T_RBL8_15min,328.225023193357,0,,295402.5208740213,-2,295402.5208740213
79,2019-09-27 23:00:00,RBL8,3481.0002441406,95,1707446.1948882947,4a663c30-533e-4134-9f97-758a54d0a9af,4a663c30-533e-4134-9f97-758a54d0a9af,4a663c30-533e-4134-9f97-758a54d0a9af,T01b2T_RBL8_15min,330.69502319335703,0,,0.0,3,0.0
80,2019-10-09 09:15:00,RBL8,3402.0002441406,-97,1410121.5795511387,492e6cff-c4c6-434e-9d80-af50db96b587,492e6cff-c4c6-434e-9d80-af50db96b587,492e6cff-c4c6-434e-9d80-af50db96b587,T01b2T_RBL8_15min,329.9940236816382,0,,296994.6213134744,-2,296994.6213134744
81,2019-10-14 09:15:00,RBL8,3433.0002441406,97,1676713.1998409317,7fac5404-ec17-45a4-9807-e8026467255c,7fac5404-ec17-45a4-9807-e8026467255c,7fac5404-ec17-45a4-9807-e8026467255c,T01b2T_RBL8_15min,333.00102368163823,0,,0.0,3,0.0
82,2019-10-15 13:45:00,RBL8,3325.0002441406,-99,1380126.5030638343,8f0c39b4-3873-4da9-beee-1cd576b6e791,8f0c39b4-3873-4da9-beee-1cd576b6e791,8f0c39b4-3873-4da9-beee-1cd576b6e791,T01b2T_RBL8_15min,329.17502416991937,0,,296257.5217529274,-2,296257.5217529274
83,2019-10-22 22:45:00,RBL8,3333.0002441406,99,1668134.0577925914,c8f6aaa1-5282-4e27-8126-f4dd58c2ea1d,c8f6aaa1-5282-4e27-8126-f4dd58c2ea1d,c8f6aaa1-5282-4e27-8126-f4dd58c2ea1d,T01b2T_RBL8_15min,329.9670241699194,0,,0.0,3,0.0
84,2019-10-25 14:15:00,RBL8,3330.0002441406,99,1371101.366015494,979971e2-4905-4122-9c4e-a3a9d7c71d77,979971e2-4905-4122-9c4e-a3a9d7c71d77,979971e2-4905-4122-9c4e-a3a9d7c71d77,T01b2T_RBL8_15min,329.6700241699194,0,,296703.0217529274,2,296703.0217529274
85,2019-11-07 22:15:00,RBL8,3408.0002441406,-99,1744686.995744252,692e6a99-b38b-4651-bbc3-01d8c1f6909d,692e6a99-b38b-4651-bbc3-01d8c1f6909d,692e6a99-b38b-4651-bbc3-01d8c1f6909d,T01b2T_RBL8_15min,337.39202416991935,0,,0.0,-3,0.0
86,2019-11-08 14:00:00,RBL8,3402.0002441406,-96,1450427.5826270666,fd8089e2-bfa8-4547-bfed-2825337b2069,fd8089e2-bfa8-4547-bfed-2825337b2069,fd8089e2-bfa8-4547-bfed-2825337b2069,T01b2T_RBL8_15min,326.59202343749763,0,,293932.82109374786,-2,293932.82109374786
87,2019-11-12 10:15:00,RBL8,3389.0002441406,96,1756515.0596973773,02d6cabf-42b6-44cc-9ad8-57478d586775,02d6cabf-42b6-44cc-9ad8-57478d586775,02d6cabf-42b6-44cc-9ad8-57478d586775,T01b2T_RBL8_15min,325.34402343749764,0,,0.0,3,0.0
88,2019-11-12 14:00:00,RBL8,3438.0002441406,96,1459141.790580192,c9391bad-a3ec-4044-8f80-0de71c8ccf4e,c9391bad-a3ec-4044-8f80-0de71c8ccf4e,c9391bad-a3ec-4044-8f80-0de71c8ccf4e,T01b2T_RBL8_15min,330.04802343749765,0,,297043.2210937478,2,297043.2210937478
89,2019-11-26 21:15:00,RBL8,3602.0002441406,-96,1913279.2196505028,b9748489-8f52-411b-af15-10e243f67fac,b9748489-8f52-411b-af15-10e243f67fac,b9748489-8f52-411b-af15-10e243f67fac,T01b2T_RBL8_15min,345.7920234374976,0,,0.0,-3,0.0
90,2019-12-05 15:00:00,RBL8,3414.0002441406,-96,1617981.8545333173,e2f844e3-2ddf-4ad1-8762-2ff41374ead0,e2f844e3-2ddf-4ad1-8762-2ff41374ead0,e2f844e3-2ddf-4ad1-8762-2ff41374ead0,T01b2T_RBL8_15min,327.7440234374976,0,,294969.62109374785,-2,294969.62109374785
91,2019-12-06 22:45:00,RBL8,3448.0002441406,96,1879980.4676036278,cf693720-e1f6-4273-8cb0-6b6bc406a2cd,cf693720-e1f6-4273-8cb0-6b6bc406a2cd,cf693720-e1f6-4273-8cb0-6b6bc406a2cd,T01b2T_RBL8_15min,331.0080234374976,0,,0.0,3,0.0
92,2019-12-09 11:15:00,RBL8,3514.0002441406,93,1585531.8451463545,dd7dcfca-e582-4ef7-b84a-fd372115baf7,dd7dcfca-e582-4ef7-b84a-fd372115baf7,dd7dcfca-e582-4ef7-b84a-fd372115baf7,T01b2T_RBL8_15min,326.8020227050758,0,,294121.8204345682,2,294121.8204345682
93,2019-12-13 10:45:00,RBL8,3509.0002441406,-93,1874677.3285582177,8f286070-211f-4e3c-b793-3ca1c6b74f66,8f286070-211f-4e3c-b793-3ca1c6b74f66,8f286070-211f-4e3c-b793-3ca1c6b74f66,T01b2T_RBL8_15min,326.3370227050758,0,,0.0,-3,0.0
94,2019-12-17 10:00:00,RBL8,3462.0002441406,-95,1578347.417661003,7896f1f8-4d80-4fec-9014-d53ab4adbb25,7896f1f8-4d80-4fec-9014-d53ab4adbb25,7896f1f8-4d80-4fec-9014-d53ab4adbb25,T01b2T_RBL8_15min,328.890023193357,0,,296001.0208740213,-2,296001.0208740213
95,2019-12-18 10:00:00,RBL8,3496.0002441406,95,1841716.318511831,fbef36bc-6605-4ecb-bb37-ea033c674aec,fbef36bc-6605-4ecb-bb37-ea033c674aec,fbef36bc-6605-4ecb-bb37-ea033c674aec,T01b2T_RBL8_15min,332.12002319335704,0,,0.0,3,0.0
96,2019-12-19 11:30:00,RBL8,3497.0002441406,94,1545541.379834587,b8b0bc4c-55ef-40c9-8df7-c1ae2d4beb55,b8b0bc4c-55ef-40c9-8df7-c1ae2d4beb55,b8b0bc4c-55ef-40c9-8df7-c1ae2d4beb55,T01b2T_RBL8_15min,328.71802294921645,0,,295846.22065429477,2,295846.22065429477
97,2019-12-24 11:30:00,RBL8,3505.0002441406,-94,1848578.1304659324,24aa5ef7-f74b-4f99-adc8-f47cf66c0ece,24aa5ef7-f74b-4f99-adc8-f47cf66c0ece,24aa5ef7-f74b-4f99-adc8-f47cf66c0ece,T01b2T_RBL8_15min,329.47002294921646,0,,0.0,-3,0.0
98,2019-12-25 11:30:00,RBL8,3502.0002441406,-94,1551979.7217886883,9e0d77f1-0fa3-4d28-805d-7faaf8ac67d1,9e0d77f1-0fa3-4d28-805d-7faaf8ac67d1,9e0d77f1-0fa3-4d28-805d-7faaf8ac67d1,T01b2T_RBL8_15min,329.1880229492164,0,,296269.22065429477,-2,296269.22065429477
99,2019-12-26 21:30:00,RBL8,3532.0002441406,94,1819716.9344200338,80069884-14a3-4d64-a669-cd895e91351b,80069884-14a3-4d64-a669-cd895e91351b,80069884-14a3-4d64-a669-cd895e91351b,T01b2T_RBL8_15min,332.0080229492164,0,,0.0,3,0.0
100,2019-12-27 09:15:00,RBL8,3537.0002441406,93,1523341.0729627607,799deeb6-9469-4981-a507-6ff4bf6ebd02,799deeb6-9469-4981-a507-6ff4bf6ebd02,799deeb6-9469-4981-a507-6ff4bf6ebd02,T01b2T_RBL8_15min,328.9410227050758,0,,296046.9204345682,2,296046.9204345682
101,2020-01-03 21:15:00,RBL8,3539.0002441406,-93,1820918.8663746242,9d1c65dc-14c3-41df-9a6a-b52d0c5d0b62,9d1c65dc-14c3-41df-9a6a-b52d0c5d0b62,9d1c65dc-14c3-41df-9a6a-b52d0c5d0b62,T01b2T_RBL8_15min,329.12702270507583,0,,0.0,-3,0.0
102,2020-01-13 15:00:00,RBL8,3540.0002441406,-93,1524291.6259173509,f4e8470e-6620-463d-acb2-ac0f5467cff7,f4e8470e-6620-463d-acb2-ac0f5467cff7,f4e8470e-6620-463d-acb2-ac0f5467cff7,T01b2T_RBL8_15min,329.2200227050758,0,,296298.0204345682,-2,296298.0204345682
103,2020-01-15 09:30:00,RBL8,3573.0002441406,93,1789567.3573292142,c1ea4690-a469-4120-9c16-09c58f4a127e,c1ea4690-a469-4120-9c16-09c58f4a127e,c1ea4690-a469-4120-9c16-09c58f4a127e,T01b2T_RBL8_15min,332.2890227050758,0,,0.0,3,0.0
104,2020-01-17 09:15:00,RBL8,3578.0002441406,92,1492979.7610919117,b7581a06-e174-4432-bbb9-742f126ef6ea,b7581a06-e174-4432-bbb9-742f126ef6ea,b7581a06-e174-4432-bbb9-742f126ef6ea,T01b2T_RBL8_15min,329.1760224609352,0,,296258.42021484167,2,296258.42021484167
105,2020-01-21 09:15:00,RBL8,3581.0002441406,-92,1791668.7292842919,d11b4049-f968-458f-b863-292733afd759,d11b4049-f968-458f-b863-292733afd759,d11b4049-f968-458f-b863-292733afd759,T01b2T_RBL8_15min,329.4520224609352,0,,0.0,-3,0.0
106,2020-01-21 14:30:00,RBL8,3557.0002441406,-92,1496821.8650469894,65f90c74-647b-41d5-8166-e4872dcf5eb5,65f90c74-647b-41d5-8166-e4872dcf5eb5,65f90c74-647b-41d5-8166-e4872dcf5eb5,T01b2T_RBL8_15min,327.2440224609352,0,,294519.6202148416,-2,294519.6202148416
